scope,row,modality,label,macro_F1_mean,macro_F1_std,macro_F1_CI95_lower,macro_F1_CI95_upper,balanced_accuracy,n_samples,n_features,n_original_features,median_C,missing_cell_frac,missing_sample_frac,src_acc_Audubon,src_acc_Fox Chase,src_acc_NIH_Clinical_Center,src_acc_Sowalsky
Full,1,probe_meth,Methylation (probe-avg),0.5149,0.0856,0.3472,0.6827,0.5172619047619047,164,148,,10.0,0.0,0.0,0.5032356532356532,0.47748538011695907,0.5666666666666667,0.7333333333333334
Full,2,probe_meth_unenriched,"Methylation (probe-avg, unenriched)",0.3441,0.0749,0.1973,0.4909,0.3576190476190476,164,148,,10.0,0.0002059986816084377,0.03048780487804878,0.5241758241758242,0.29115497076023394,0.4,0.5066666666666666
Full,3,probe_meth_unfiltered_qc,"Methylation (probe-avg, unfiltered QC)",0.3603,0.0984,0.1674,0.5533,0.3663095238095238,164,148,,10.0,0.0002059986816084377,0.03048780487804878,0.4483821733821734,0.3451023391812866,0.35,0.4333333333333333
Full,4,probe_cpg,Per-CpG methylation (32K->PCs),0.3986,0.12,0.1634,0.6337,0.40583333333333327,164,20,32014.0,0.2512,0.058052917397419114,1.0,0.6666361416361417,0.29568713450292394,0.5833333333333333,0.5733333333333334
Full,5,probe_cpg_enriched,Per-CpG methylation (enriched),0.5009,0.0743,0.3553,0.6465,0.49837301587301586,164,20,53144.0,10.0,0.35752722469645287,1.0,0.534004884004884,0.4006578947368421,0.3333333333333333,0.9199999999999999
Full,6,probe_cpg_agg_unenriched,"Per-CpG methylation (aggregated to probes, unenriched)",0.3169,0.0957,0.1293,0.5045,0.3213492063492064,164,148,,1.5849,4.119973632168754e-05,0.006097560975609756,0.29239926739926736,0.3201023391812866,0.5333333333333333,0.5133333333333333
Full,7,probe_cpg_agg_enriched,"Per-CpG methylation (aggregated to probes, enriched)",0.4566,0.0342,0.3895,0.5237,0.4735714285714286,164,148,,10.0,0.0,0.0,0.44975579975579977,0.42448830409356725,0.55,0.58
Full,8,probe_meth_tt39_enriched,"Methylation (probe-avg, tt39, enriched)",0.413,0.1343,0.1498,0.6762,0.4147222222222222,164,39,,10.0,0.0,0.0,0.29288766788766785,0.402046783625731,0.5666666666666667,0.6933333333333334
Full,9,probe_meth_tt39_unenriched,"Methylation (probe-avg, tt39, unenriched)",0.3402,0.0543,0.2337,0.4466,0.3461904761904762,164,39,,1.5849,0.00015634771732332708,0.006097560975609756,0.4233821733821734,0.29232456140350876,0.4,0.4800000000000001
Full,10,probe_cpg_tt39_unenriched,"Per-CpG methylation (tt39, unenriched)",0.2892,0.1014,0.0905,0.4878,0.29873015873015873,164,20,773.0,0.2512,0.045711986874073136,1.0,0.28336385836385836,0.3173245614035088,0.35,0.2666666666666667
Full,11,probe_cpg_tt39_unenriched_lasso,"Per-CpG methylation (tt39, unenriched, raw LASSO)",0.2638,0.0768,0.1132,0.4143,0.27777777777777773,164,773,,1.5849,0.045711986874073136,1.0,0.3623321123321123,0.22741228070175437,0.65,0.24000000000000005
Full,12,probe_cpg_tt39_enriched,"Per-CpG methylation (tt39, enriched)",0.5132,0.1009,0.3155,0.711,0.5194444444444445,164,20,1329.0,1.5849,0.3798243682211088,1.0,0.5049450549450549,0.4861842105263158,0.5833333333333333,0.62
Full,13,probe_cpg_tt39_enriched_lasso,"Per-CpG methylation (tt39, enriched, raw LASSO)",0.5054,0.0787,0.3512,0.6597,0.510079365079365,164,1329,,10.0,0.3798243682211088,1.0,0.4843711843711843,0.48954678362573106,0.4,0.58
TOO,1,probe_meth,TOO Methylation (probe-avg),0.5723,0.1115,0.3537,0.7908,0.5828571428571429,124,148,,10.0,0.0,0.0,0.5166666666666666,0.5625816993464052,,0.9
TOO,2,probe_meth_unenriched,"TOO Methylation (probe-avg, unenriched)",0.396,0.0875,0.2246,0.5675,0.40890476190476194,124,148,,10.0,0.00021795989537925023,0.03225806451612903,0.41666666666666663,0.39076797385620915,,0.7
TOO,3,probe_meth_unfiltered_qc,"TOO Methylation (probe-avg, unfiltered QC)",0.3066,0.1003,0.1101,0.5031,0.33114285714285707,124,148,,10.0,0.00021795989537925023,0.03225806451612903,0.45,0.29517973856209145,,0.65
TOO,4,probe_cpg,TOO Per-CpG methylation (32K->PCs),0.4716,0.0522,0.3693,0.5738,0.48290476190476184,124,20,31883.0,1.5849,0.05501339069359442,1.0,0.4666666666666666,0.47263071895424835,,0.75
TOO,5,probe_cpg_enriched,TOO Per-CpG methylation (enriched),0.6065,0.174,0.2655,0.9476,0.6141904761904762,124,20,51747.0,1.5849,0.33971160553486973,1.0,0.65,0.5446895424836601,,0.95
TOO,6,probe_cpg_agg_unenriched,"TOO Per-CpG methylation (aggregated to probes, unenriched)",0.2985,0.0893,0.1235,0.4735,0.3259047619047618,124,148,,10.0,5.448997384481256e-05,0.008064516129032258,0.26666666666666666,0.3401960784313725,,0.45
TOO,7,probe_cpg_agg_enriched,"TOO Per-CpG methylation (aggregated to probes, enriched)",0.487,0.1054,0.2804,0.6936,0.4984285714285714,124,148,,1.5849,0.0,0.0,0.3333333333333333,0.5058006535947712,,0.8
TOO,8,probe_meth_tt39_enriched,"TOO Methylation (probe-avg, tt39, enriched)",0.4853,0.1451,0.2009,0.7698,0.5005238095238096,124,39,,10.0,0.0,0.0,0.3,0.4927287581699346,,0.85
TOO,9,probe_meth_tt39_unenriched,"TOO Methylation (probe-avg, tt39, unenriched)",0.2979,0.1138,0.0748,0.521,0.31599999999999995,124,39,,1.5849,0.00020678246484698098,0.008064516129032258,0.4,0.33194444444444443,,0.4
TOO,10,probe_cpg_tt39_unenriched,"TOO Per-CpG methylation (tt39, unenriched)",0.374,0.1129,0.1527,0.5954,0.3889047619047619,124,20,772.0,0.2512,0.04534723382918268,1.0,0.26666666666666666,0.38807189542483655,,0.65
TOO,11,probe_cpg_tt39_unenriched_lasso,"TOO Per-CpG methylation (tt39, unenriched, raw LASSO)",0.3599,0.1301,0.105,0.6148,0.37047619047619046,124,772,,10.0,0.04534723382918268,1.0,0.3,0.36372549019607847,,0.7
TOO,12,probe_cpg_tt39_enriched,"TOO Per-CpG methylation (tt39, enriched)",0.5666,0.1012,0.3684,0.7649,0.5826666666666667,124,20,1285.0,0.2512,0.3583971381950546,1.0,0.35,0.5780228758169934,,0.85
TOO,13,probe_cpg_tt39_enriched_lasso,"TOO Per-CpG methylation (tt39, enriched, raw LASSO)",0.5583,0.0836,0.3945,0.7221,0.5720952380952382,124,1285,,10.0,0.3583971381950546,1.0,0.25,0.5876633986928105,,0.85
TOO EDTA,1,probe_meth,TOO EDTA Methylation (probe-avg),0.4743,0.2106,0.0616,0.8871,0.485,56,148,,10.0,0.0,0.0,0.4733333333333333,0.6011904761904762,,
TOO EDTA,2,probe_meth_unenriched,"TOO EDTA Methylation (probe-avg, unenriched)",0.4161,0.111,0.1984,0.6337,0.44666666666666666,56,148,,1.5849,0.00024131274131274132,0.03571428571428571,0.48,0.5107142857142857,,
TOO EDTA,3,probe_meth_unfiltered_qc,"TOO EDTA Methylation (probe-avg, unfiltered QC)",0.4719,0.0382,0.397,0.5467,0.5033333333333333,56,148,,1.5849,0.00024131274131274132,0.03571428571428571,0.5066666666666666,0.605952380952381,,
TOO EDTA,4,probe_cpg,TOO EDTA Per-CpG methylation (32K->PCs),0.3866,0.0748,0.24,0.5332,0.475,56,20,31674.0,0.2512,0.051188333829459046,1.0,0.3233333333333333,0.5726190476190476,,
TOO EDTA,5,probe_cpg_enriched,TOO EDTA Per-CpG methylation (enriched),0.4222,0.1525,0.1233,0.721,0.4766666666666667,56,20,47383.0,0.2512,0.2781678781720991,1.0,0.6199999999999999,0.45714285714285713,,
TOO EDTA,6,probe_cpg_agg_unenriched,"TOO EDTA Per-CpG methylation (aggregated to probes, unenriched)",0.4489,0.1529,0.1493,0.7485,0.495,56,148,,10.0,0.0,0.0,0.43,0.6107142857142857,,
TOO EDTA,7,probe_cpg_agg_enriched,"TOO EDTA Per-CpG methylation (aggregated to probes, enriched)",0.4612,0.1366,0.1934,0.7291,0.4766666666666667,56,148,,1.5849,0.0,0.0,0.5399999999999999,0.5345238095238096,,
TOO EDTA,8,probe_meth_tt39_enriched,"TOO EDTA Methylation (probe-avg, tt39, enriched)",0.3452,0.1482,0.0548,0.6356,0.3583333333333333,56,39,,10.0,0.0,0.0,0.39666666666666667,0.36428571428571427,,
TOO EDTA,9,probe_meth_tt39_unenriched,"TOO EDTA Methylation (probe-avg, tt39, unenriched)",0.2828,0.1347,0.0188,0.5468,0.30916666666666665,56,39,,1.5849,0.0,0.0,0.25666666666666665,0.41428571428571426,,
TOO EDTA,10,probe_cpg_tt39_unenriched,"TOO EDTA Per-CpG methylation (tt39, unenriched)",0.3848,0.1578,0.0754,0.6941,0.43499999999999994,56,20,766.0,0.2512,0.04238157403953748,1.0,0.3733333333333333,0.5428571428571429,,
TOO EDTA,11,probe_cpg_tt39_unenriched_lasso,"TOO EDTA Per-CpG methylation (tt39, unenriched, raw LASSO)",0.295,0.0511,0.1947,0.3952,0.3516666666666666,56,766,,1.5849,0.04238157403953748,1.0,0.15,0.519047619047619,,
TOO EDTA,12,probe_cpg_tt39_enriched,"TOO EDTA Per-CpG methylation (tt39, enriched)",0.583,0.1858,0.2189,0.9472,0.635,56,20,1158.0,10.0,0.2866549469528744,1.0,0.5566666666666668,0.6761904761904762,,
TOO EDTA,13,probe_cpg_tt39_enriched_lasso,"TOO EDTA Per-CpG methylation (tt39, enriched, raw LASSO)",0.6388,0.1818,0.2825,0.9952,0.6983333333333334,56,1158,,10.0,0.2866549469528744,1.0,0.8033333333333333,0.6678571428571429,,
