scope,row,modality,anchor,anchor_type,fold,mod_macro_f1,anchor_macro_f1,delta,mean_delta,n_folds_positive
TOO,4,probe_cpg,probe_meth_unenriched,probe-averaged,1,0.4138345864661653,0.2804761904761904,0.1333583959899749,0.07553644566647665,5
TOO,4,probe_cpg,probe_meth_unenriched,probe-averaged,2,0.4485994397759104,0.4032051282051282,0.045394311570782164,0.07553644566647665,5
TOO,4,probe_cpg,probe_meth_unenriched,probe-averaged,3,0.5028571428571429,0.4531746031746032,0.04968253968253972,0.07553644566647665,5
TOO,4,probe_cpg,probe_meth_unenriched,probe-averaged,4,0.5453968253968254,0.5011038961038962,0.04429292929292927,0.07553644566647665,5
TOO,4,probe_cpg,probe_meth_unenriched,probe-averaged,5,0.4471428571428572,0.3421888053467,0.10495405179615719,0.07553644566647665,5
TOO,4,probe_cpg,probe_cpg_agg_unenriched,probe-aggregation,1,0.4138345864661653,0.3031746031746031,0.11065998329156218,0.17308731584892575,5
TOO,4,probe_cpg,probe_cpg_agg_unenriched,probe-aggregation,2,0.4485994397759104,0.4121212121212121,0.03647822765469827,0.17308731584892575,5
TOO,4,probe_cpg,probe_cpg_agg_unenriched,probe-aggregation,3,0.5028571428571429,0.2323076923076923,0.27054945054945057,0.17308731584892575,5
TOO,4,probe_cpg,probe_cpg_agg_unenriched,probe-aggregation,4,0.5453968253968254,0.3536796536796537,0.19171717171717173,0.17308731584892575,5
TOO,4,probe_cpg,probe_cpg_agg_unenriched,probe-aggregation,5,0.4471428571428572,0.1911111111111111,0.25603174603174605,0.17308731584892575,5
TOO,5,probe_cpg_enriched,probe_meth,probe-averaged,1,0.3383394383394383,0.516031746031746,-0.17769230769230765,0.03425799037563744,2
TOO,5,probe_cpg_enriched,probe_meth,probe-averaged,2,0.7357142857142857,0.5174603174603174,0.21825396825396826,0.03425799037563744,2
TOO,5,probe_cpg_enriched,probe_meth,probe-averaged,3,0.6358730158730158,0.6766666666666667,-0.04079365079365094,0.03425799037563744,2
TOO,5,probe_cpg_enriched,probe_meth,probe-averaged,4,0.5481232492997199,0.7033333333333333,-0.15521008403361336,0.03425799037563744,2
TOO,5,probe_cpg_enriched,probe_meth,probe-averaged,5,0.7745098039215687,0.4477777777777778,0.3267320261437909,0.03425799037563744,2
TOO,5,probe_cpg_enriched,probe_cpg_agg_enriched,probe-aggregation,1,0.3383394383394383,0.5277056277056277,-0.18936618936618937,0.11951934340169634,4
TOO,5,probe_cpg_enriched,probe_cpg_agg_enriched,probe-aggregation,2,0.7357142857142857,0.4829004329004328,0.2528138528138529,0.11951934340169634,4
TOO,5,probe_cpg_enriched,probe_cpg_agg_enriched,probe-aggregation,3,0.6358730158730158,0.5957575757575757,0.040115440115440104,0.11951934340169634,4
TOO,5,probe_cpg_enriched,probe_cpg_agg_enriched,probe-aggregation,4,0.5481232492997199,0.5152661064425771,0.03285714285714281,0.11951934340169634,4
TOO,5,probe_cpg_enriched,probe_cpg_agg_enriched,probe-aggregation,5,0.7745098039215687,0.3133333333333333,0.46117647058823535,0.11951934340169634,4
TOO,6,probe_cpg_agg_unenriched,probe_meth_unenriched,probe-averaged,1,0.3031746031746031,0.2804761904761904,0.022698412698412718,-0.09755087018244912,2
TOO,6,probe_cpg_agg_unenriched,probe_meth_unenriched,probe-averaged,2,0.4121212121212121,0.4032051282051282,0.008916083916083895,-0.09755087018244912,2
TOO,6,probe_cpg_agg_unenriched,probe_meth_unenriched,probe-averaged,3,0.2323076923076923,0.4531746031746032,-0.22086691086691088,-0.09755087018244912,2
TOO,6,probe_cpg_agg_unenriched,probe_meth_unenriched,probe-averaged,4,0.3536796536796537,0.5011038961038962,-0.14742424242424246,-0.09755087018244912,2
TOO,6,probe_cpg_agg_unenriched,probe_meth_unenriched,probe-averaged,5,0.1911111111111111,0.3421888053467,-0.1510776942355889,-0.09755087018244912,2
TOO,7,probe_cpg_agg_enriched,probe_meth,probe-averaged,1,0.5277056277056277,0.516031746031746,0.011673881673881725,-0.08526135302605892,1
TOO,7,probe_cpg_agg_enriched,probe_meth,probe-averaged,2,0.4829004329004328,0.5174603174603174,-0.034559884559884624,-0.08526135302605892,1
TOO,7,probe_cpg_agg_enriched,probe_meth,probe-averaged,3,0.5957575757575757,0.6766666666666667,-0.08090909090909104,-0.08526135302605892,1
TOO,7,probe_cpg_agg_enriched,probe_meth,probe-averaged,4,0.5152661064425771,0.7033333333333333,-0.18806722689075617,-0.08526135302605892,1
TOO,7,probe_cpg_agg_enriched,probe_meth,probe-averaged,5,0.3133333333333333,0.4477777777777778,-0.13444444444444448,-0.08526135302605892,1
TOO,10,probe_cpg_tt39_unenriched,probe_meth_tt39_unenriched,probe-averaged,1,0.4077777777777777,0.1919191919191919,0.21585858585858578,0.07613296848079457,4
TOO,10,probe_cpg_tt39_unenriched,probe_meth_tt39_unenriched,probe-averaged,2,0.3266666666666666,0.209090909090909,0.11757575757575761,0.07613296848079457,4
TOO,10,probe_cpg_tt39_unenriched,probe_meth_tt39_unenriched,probe-averaged,3,0.2614906832298136,0.3227838827838828,-0.0612931995540692,0.07613296848079457,4
TOO,10,probe_cpg_tt39_unenriched,probe_meth_tt39_unenriched,probe-averaged,4,0.5533333333333333,0.4768298368298368,0.07650349650349653,0.07613296848079457,4
TOO,10,probe_cpg_tt39_unenriched,probe_meth_tt39_unenriched,probe-averaged,5,0.3209090909090909,0.2888888888888888,0.032020202020202115,0.07613296848079457,4
TOO,11,probe_cpg_tt39_unenriched_lasso,probe_meth_tt39_unenriched,probe-averaged,1,0.3357142857142857,0.1919191919191919,0.14379509379509378,0.062002220002219985,3
TOO,11,probe_cpg_tt39_unenriched_lasso,probe_meth_tt39_unenriched,probe-averaged,2,0.5166666666666666,0.209090909090909,0.3075757575757576,0.062002220002219985,3
TOO,11,probe_cpg_tt39_unenriched_lasso,probe_meth_tt39_unenriched,probe-averaged,3,0.1853535353535353,0.3227838827838828,-0.13743034743034752,0.062002220002219985,3
TOO,11,probe_cpg_tt39_unenriched_lasso,probe_meth_tt39_unenriched,probe-averaged,4,0.4555555555555555,0.4768298368298368,-0.021274281274281326,0.062002220002219985,3
TOO,11,probe_cpg_tt39_unenriched_lasso,probe_meth_tt39_unenriched,probe-averaged,5,0.3062337662337662,0.2888888888888888,0.017344877344877385,0.062002220002219985,3
TOO,12,probe_cpg_tt39_enriched,probe_meth_tt39_enriched,probe-averaged,1,0.4770121381886089,0.4704761904761904,0.0065359477124184995,0.08129761741526452,4
TOO,12,probe_cpg_tt39_enriched,probe_meth_tt39_enriched,probe-averaged,2,0.6078431372549019,0.2733333333333333,0.3345098039215686,0.08129761741526452,4
TOO,12,probe_cpg_tt39_enriched,probe_meth_tt39_enriched,probe-averaged,3,0.6153846153846154,0.5714285714285714,0.04395604395604402,0.08129761741526452,4
TOO,12,probe_cpg_tt39_enriched,probe_meth_tt39_enriched,probe-averaged,4,0.4464069264069263,0.6599999999999999,-0.2135930735930736,0.08129761741526452,4
TOO,12,probe_cpg_tt39_enriched,probe_meth_tt39_enriched,probe-averaged,5,0.6865079365079365,0.4514285714285714,0.2350793650793651,0.08129761741526452,4
TOO,13,probe_cpg_tt39_enriched_lasso,probe_meth_tt39_enriched,probe-averaged,1,0.5433766233766234,0.4704761904761904,0.07290043290043302,0.072952380952381,4
TOO,13,probe_cpg_tt39_enriched_lasso,probe_meth_tt39_enriched,probe-averaged,2,0.4666666666666666,0.2733333333333333,0.1933333333333333,0.072952380952381,4
TOO,13,probe_cpg_tt39_enriched_lasso,probe_meth_tt39_enriched,probe-averaged,3,0.6794227994227995,0.5714285714285714,0.10799422799422809,0.072952380952381,4
TOO,13,probe_cpg_tt39_enriched_lasso,probe_meth_tt39_enriched,probe-averaged,4,0.5986291486291486,0.6599999999999999,-0.0613708513708513,0.072952380952381,4
TOO,13,probe_cpg_tt39_enriched_lasso,probe_meth_tt39_enriched,probe-averaged,5,0.5033333333333333,0.4514285714285714,0.0519047619047619,0.072952380952381,4
TOO EDTA,4,probe_cpg,probe_meth_unenriched,probe-averaged,1,0.4428571428571428,0.5568181818181818,-0.11396103896103899,-0.029447219447219487,2
TOO EDTA,4,probe_cpg,probe_meth_unenriched,probe-averaged,2,0.4205128205128204,0.4068181818181818,0.013694638694638606,-0.029447219447219487,2
TOO EDTA,4,probe_cpg,probe_meth_unenriched,probe-averaged,3,0.4416666666666666,0.4583333333333332,-0.016666666666666607,-0.029447219447219487,2
TOO EDTA,4,probe_cpg,probe_meth_unenriched,probe-averaged,4,0.3613636363636363,0.4083333333333333,-0.04696969696969705,-0.029447219447219487,2
TOO EDTA,4,probe_cpg,probe_meth_unenriched,probe-averaged,5,0.2666666666666666,0.25,0.016666666666666607,-0.029447219447219487,2
TOO EDTA,4,probe_cpg,probe_cpg_agg_unenriched,probe-aggregation,1,0.4428571428571428,0.5476190476190476,-0.10476190476190478,-0.0622502497502498,2
TOO EDTA,4,probe_cpg,probe_cpg_agg_unenriched,probe-aggregation,2,0.4205128205128204,0.3693181818181818,0.05119463869463858,-0.0622502497502498,2
TOO EDTA,4,probe_cpg,probe_cpg_agg_unenriched,probe-aggregation,3,0.4416666666666666,0.6428571428571428,-0.2011904761904762,-0.0622502497502498,2
TOO EDTA,4,probe_cpg,probe_cpg_agg_unenriched,probe-aggregation,4,0.3613636363636363,0.4345238095238095,-0.0731601731601732,-0.0622502497502498,2
TOO EDTA,4,probe_cpg,probe_cpg_agg_unenriched,probe-aggregation,5,0.2666666666666666,0.25,0.016666666666666607,-0.0622502497502498,2
TOO EDTA,5,probe_cpg_enriched,probe_meth,probe-averaged,1,0.6541666666666667,0.8031746031746032,-0.14900793650793653,-0.05216810966810968,2
TOO EDTA,5,probe_cpg_enriched,probe_meth,probe-averaged,2,0.3484848484848485,0.25,0.09848484848484851,-0.05216810966810968,2
TOO EDTA,5,probe_cpg_enriched,probe_meth,probe-averaged,3,0.375,0.4791666666666666,-0.10416666666666657,-0.05216810966810968,2
TOO EDTA,5,probe_cpg_enriched,probe_meth,probe-averaged,4,0.4791666666666666,0.3392857142857143,0.13988095238095227,-0.05216810966810968,2
TOO EDTA,5,probe_cpg_enriched,probe_meth,probe-averaged,5,0.2539682539682539,0.5,-0.2460317460317461,-0.05216810966810968,2
TOO EDTA,5,probe_cpg_enriched,probe_cpg_agg_enriched,probe-aggregation,1,0.6541666666666667,0.5892857142857143,0.06488095238095237,-0.03907287157287155,3
TOO EDTA,5,probe_cpg_enriched,probe_cpg_agg_enriched,probe-aggregation,2,0.3484848484848485,0.361111111111111,-0.012626262626262486,-0.03907287157287155,3
TOO EDTA,5,probe_cpg_enriched,probe_cpg_agg_enriched,probe-aggregation,3,0.375,0.2944444444444444,0.0805555555555556,-0.03907287157287155,3
TOO EDTA,5,probe_cpg_enriched,probe_cpg_agg_enriched,probe-aggregation,4,0.4791666666666666,0.4571428571428571,0.0220238095238095,-0.03907287157287155,3
TOO EDTA,5,probe_cpg_enriched,probe_cpg_agg_enriched,probe-aggregation,5,0.2539682539682539,0.6041666666666666,-0.35019841269841273,-0.03907287157287155,3
TOO EDTA,6,probe_cpg_agg_unenriched,probe_meth_unenriched,probe-averaged,1,0.5476190476190476,0.5568181818181818,-0.009199134199134207,0.03280303030303031,2
TOO EDTA,6,probe_cpg_agg_unenriched,probe_meth_unenriched,probe-averaged,2,0.3693181818181818,0.4068181818181818,-0.03749999999999998,0.03280303030303031,2
TOO EDTA,6,probe_cpg_agg_unenriched,probe_meth_unenriched,probe-averaged,3,0.6428571428571428,0.4583333333333332,0.1845238095238096,0.03280303030303031,2
TOO EDTA,6,probe_cpg_agg_unenriched,probe_meth_unenriched,probe-averaged,4,0.4345238095238095,0.4083333333333333,0.026190476190476153,0.03280303030303031,2
TOO EDTA,6,probe_cpg_agg_unenriched,probe_meth_unenriched,probe-averaged,5,0.25,0.25,0.0,0.03280303030303031,2
TOO EDTA,7,probe_cpg_agg_enriched,probe_meth,probe-averaged,1,0.5892857142857143,0.8031746031746032,-0.2138888888888889,-0.013095238095238137,3
TOO EDTA,7,probe_cpg_agg_enriched,probe_meth,probe-averaged,2,0.361111111111111,0.25,0.111111111111111,-0.013095238095238137,3
TOO EDTA,7,probe_cpg_agg_enriched,probe_meth,probe-averaged,3,0.2944444444444444,0.4791666666666666,-0.18472222222222218,-0.013095238095238137,3
TOO EDTA,7,probe_cpg_agg_enriched,probe_meth,probe-averaged,4,0.4571428571428571,0.3392857142857143,0.11785714285714277,-0.013095238095238137,3
TOO EDTA,7,probe_cpg_agg_enriched,probe_meth,probe-averaged,5,0.6041666666666666,0.5,0.10416666666666663,-0.013095238095238137,3
TOO EDTA,10,probe_cpg_tt39_unenriched,probe_meth_tt39_unenriched,probe-averaged,1,0.6309523809523809,0.4068181818181818,0.22413419913419913,0.10195887445887446,4
TOO EDTA,10,probe_cpg_tt39_unenriched,probe_meth_tt39_unenriched,probe-averaged,2,0.3333333333333333,0.0625,0.2708333333333333,0.10195887445887446,4
TOO EDTA,10,probe_cpg_tt39_unenriched,probe_meth_tt39_unenriched,probe-averaged,3,0.2125,0.3166666666666666,-0.1041666666666666,0.10195887445887446,4
TOO EDTA,10,probe_cpg_tt39_unenriched,probe_meth_tt39_unenriched,probe-averaged,4,0.3166666666666666,0.2613636363636363,0.0553030303030303,0.10195887445887446,4
TOO EDTA,10,probe_cpg_tt39_unenriched,probe_meth_tt39_unenriched,probe-averaged,5,0.4303571428571428,0.3666666666666667,0.06369047619047613,0.10195887445887446,4
TOO EDTA,11,probe_cpg_tt39_unenriched_lasso,probe_meth_tt39_unenriched,probe-averaged,1,0.2613636363636363,0.4068181818181818,-0.1454545454545455,0.012182539682539678,2
TOO EDTA,11,probe_cpg_tt39_unenriched_lasso,probe_meth_tt39_unenriched,probe-averaged,2,0.3484848484848485,0.0625,0.2859848484848485,0.012182539682539678,2
TOO EDTA,11,probe_cpg_tt39_unenriched_lasso,probe_meth_tt39_unenriched,probe-averaged,3,0.3492063492063492,0.3166666666666666,0.03253968253968259,0.012182539682539678,2
TOO EDTA,11,probe_cpg_tt39_unenriched_lasso,probe_meth_tt39_unenriched,probe-averaged,4,0.238095238095238,0.2613636363636363,-0.0232683982683983,0.012182539682539678,2
TOO EDTA,11,probe_cpg_tt39_unenriched_lasso,probe_meth_tt39_unenriched,probe-averaged,5,0.2777777777777778,0.3666666666666667,-0.0888888888888889,0.012182539682539678,2
TOO EDTA,12,probe_cpg_tt39_enriched,probe_meth_tt39_enriched,probe-averaged,1,0.7892857142857143,0.4875,0.30178571428571427,0.23783189033189034,4
TOO EDTA,12,probe_cpg_tt39_enriched,probe_meth_tt39_enriched,probe-averaged,2,0.765151515151515,0.1111111111111111,0.654040404040404,0.23783189033189034,4
TOO EDTA,12,probe_cpg_tt39_enriched,probe_meth_tt39_enriched,probe-averaged,3,0.5375,0.3095238095238095,0.2279761904761905,0.23783189033189034,4
TOO EDTA,12,probe_cpg_tt39_enriched,probe_meth_tt39_enriched,probe-averaged,4,0.3839285714285714,0.45,-0.06607142857142861,0.23783189033189034,4
TOO EDTA,12,probe_cpg_tt39_enriched,probe_meth_tt39_enriched,probe-averaged,5,0.4392857142857143,0.3678571428571429,0.0714285714285714,0.23783189033189034,4
TOO EDTA,13,probe_cpg_tt39_enriched_lasso,probe_meth_tt39_enriched,probe-averaged,1,0.6333333333333333,0.4875,0.14583333333333331,0.2936507936507936,4
TOO EDTA,13,probe_cpg_tt39_enriched_lasso,probe_meth_tt39_enriched,probe-averaged,2,0.580952380952381,0.1111111111111111,0.4698412698412699,0.2936507936507936,4
TOO EDTA,13,probe_cpg_tt39_enriched_lasso,probe_meth_tt39_enriched,probe-averaged,3,0.9365079365079364,0.3095238095238095,0.626984126984127,0.2936507936507936,4
TOO EDTA,13,probe_cpg_tt39_enriched_lasso,probe_meth_tt39_enriched,probe-averaged,4,0.4416666666666666,0.45,-0.008333333333333415,0.2936507936507936,4
TOO EDTA,13,probe_cpg_tt39_enriched_lasso,probe_meth_tt39_enriched,probe-averaged,5,0.6017857142857143,0.3678571428571429,0.23392857142857137,0.2936507936507936,4
